{
    "blade_rows": [
        {
            "StageID": -1,
            "RowType": "Inlet",
            "R": 287.00250666735394,
            "gamma": 1.3684502366145856,
            "Cp": 1065.9476073800195,
            "Cv": 778.9451007126655,
            "P0_P": 0,
            "rp": 0.4,
            "total_massflow": 22.789877969474745,
            "massflow": [
                0.0,
                11.394938984737372,
                22.789877969474745
            ],
            "calculated_massflow": 0,
            "alpha1": [
                0.0,
                0.0,
                0.0
            ],
            "alpha2": [
                0.0,
                0.0,
                0.0
            ],
            "beta1": [
                0.0,
                0.0,
                0.0
            ],
            "beta2": [
                0.0,
                0.0,
                0.0
            ],
            "beta1_metal": [
                0.0,
                0.0,
                0.0
            ],
            "beta2_metal": [
                0.0,
                0.0,
                0.0
            ],
            "Vm": [
                92.0108863015,
                94.37620471542029,
                89.6455678875797
            ],
            "Vx": [
                0.0,
                0.0,
                0.0
            ],
            "Vr": [
                2.9756742202304887,
                8.38229083614375e-14,
                -2.8991787389904324
            ],
            "Vt": [
                0.0,
                0.0,
                0.0
            ],
            "V": [
                92.0108863015,
                94.37620471542029,
                89.6455678875797
            ],
            "M": [
                0.17905686769046017,
                0.18368812363649092,
                0.17442772088339822
            ],
            "M_rel": [
                0.0,
                0.0,
                0.0
            ],
            "U": [
                0.0,
                0.0,
                0.0
            ],
            "W": [
                0.0,
                0.0,
                0.0
            ],
            "Wt": [
                0.0,
                0.0,
                0.0
            ],
            "omega": 0.0,
            "P0": [
                500000.0,
                500000.0,
                500000.0
            ],
            "T0": [
                676.3,
                676.3,
                676.3
            ],
            "P0R": [
                0.0,
                0.0,
                0.0
            ],
            "T0R": [
                0.0,
                0.0,
                0.0
            ],
            "P": [
                489182.4075040951,
                488623.8118489245,
                489727.27449791814
            ],
            "T": [
                672.3288839337157,
                672.1220891387215,
                672.5304301294315
            ],
            "rho": [
                2.535131188357507,
                2.535131188357507,
                2.535131188357507
            ],
            "Yp": 0,
            "Power": 0,
            "eta_total": 0,
            "eta_static": 0,
            "euler_power": 0,
            "axial_chord": -1,
            "aspect_ratio": 0.9,
            "area": 0
        },
        {
            "StageID": 0,
            "RowType": "Stator",
            "R": 287.00250666735394,
            "gamma": 1.3771260542225594,
            "Cp": 1048.0279077338648,
            "Cv": 761.0254010665109,
            "P0_P": [
                3.5708080980137322,
                3.5677667527684926,
                3.5708081005649293
            ],
            "rp": [
                0.4050509019410114,
                0.4004016643764411,
                0.40505090584097003
            ],
            "total_massflow": 22.81219495057355,
            "massflow": [
                0.0,
                11.406117411694229,
                22.81277043415317
            ],
            "calculated_massflow": 22.81277043415317,
            "alpha1": [
                0.0,
                0.0,
                0.0
            ],
            "alpha2": [
                73.0,
                73.0,
                73.0
            ],
            "beta1": [
                0.0,
                0.0,
                0.0
            ],
            "beta2": [
                43.037000029061886,
                38.49797761430558,
                32.51918350203707
            ],
            "beta1_metal": [
                0.0,
                0.0,
                0.0
            ],
            "beta2_metal": [
                73.0,
                73.0,
                73.0
            ],
            "Vm": [
                123.6381042697501,
                123.63810440890562,
                123.63810372795618
            ],
            "Vx": [
                122.93471916568495,
                123.63747675275835,
                122.93471862697332
            ],
            "Vr": [
                -13.16949699387841,
                0.39395943774150305,
                13.169496936168477
            ],
            "Vt": [
                402.1013480856931,
                404.3999645795317,
                402.10134632364674
            ],
            "V": [
                420.68025263821136,
                422.8778927938347,
                420.68025079475046
            ],
            "M": [
                0.8697868201946296,
                0.8749741319201131,
                0.8697868158479524
            ],
            "M_rel": [
                0.34881191534638145,
                0.32686939792306335,
                0.3026620285167746
            ],
            "U": [
                287.3143561340546,
                306.0614000174445,
                323.72541498916024
            ],
            "W": [
                168.70813361756782,
                157.97738490669872,
                146.387046236998
            ],
            "Wt": [
                114.78699195163847,
                98.33856456208719,
                78.3759313344865
            ],
            "omega": 785.3981633974483,
            "P0": [
                450859.60833506717,
                450475.6000970319,
                450859.608657188
            ],
            "T0": [
                676.3,
                676.3,
                676.3
            ],
            "P0R": [
                300978.78536040307,
                296113.99445374706,
                294932.3015887046
            ],
            "T0R": [
                605.4540944100547,
                602.8990251095576,
                602.0986181660811
            ],
            "P": [
                277053.0668992015,
                275312.6111422966,
                277053.0683595131
            ],
            "T": [
                591.8750503127143,
                590.9924461159108,
                591.8750510511896
            ],
            "rho": [
                1.628368887738801,
                1.628368887738801,
                1.628368887738801
            ],
            "Yp": 0.221,
            "Power": 0,
            "eta_total": 0,
            "eta_static": 0,
            "euler_power": 0,
            "axial_chord": 0.098710183535293,
            "aspect_ratio": 0.9,
            "area": 0.11331121515708886
        },
        {
            "StageID": 0,
            "RowType": "Rotor",
            "R": 287.0025066673538,
            "gamma": 1.3852174886217155,
            "Cp": 1032.0426856432127,
            "Cv": 745.0401789758589,
            "P0_P": [
                3.96,
                3.96,
                3.96
            ],
            "rp": 0.4,
            "total_massflow": 22.77291321536992,
            "massflow": [
                0.0,
                11.38606138372625,
                22.77329551579174
            ],
            "calculated_massflow": 22.77329551579174,